Built,n,prop
3.4.1,8,0.049689440993788817
3.4.4,153,0.9503105590062112
